county,women,men,ratio
 Yemen,149,2308,15.49
 Syria,561,4077,7.267
 Jordan,2459,13971,5.682
 Afghanistan,541,3030,5.601
 Algeria,4232,23181,5.478
 Pakistan,1642,8786,5.351
 Iran,6094,32017,5.254
 Iraq,6039,29250,4.843
 Palestine,1802,8216,4.559
 Oman,11246,49282,4.382
 Saudi Arabia,17422,73945,4.244
 Egypt,4081,16489,4.073
 Lebanon,5523,21182,3.835
 Libya,4623,17472,3.779
 Sudan,1785,6455,3.616
 Morocco,3197,11561,3.616
 India,2722,9729,3.574
 Tunisia,4537,16152,3.56
 United Arab Emirates,24973,84130,3.369
 Timor-Leste,3301,10282,3.115
 Bahrain,18774,55130,2.937
 Mauritania,1936,5221,2.697
 Maldives,7064,18501,2.619
 Bangladesh,2041,5285,2.589
 Sri Lanka,6462,16581,2.566
 Kuwait,39570,93476,2.362
 São Tomé and Príncipe,1780,4112,2.31
 Qatar,59164,135961,2.298
 Guyana,4543,10295,2.266
 Mauritius,12558,27986,2.229
 Turkey,15576,34313,2.203
 South Korea,22572,49297,2.184
 Dominican Republic,8909,18975,2.13
 Samoa,3778,7909,2.093
 Guatemala,4768,9869,2.07
 Mexico,11065,22873,2.067
 Bosnia and Herzegovina,7723,15856,2.053
 Kyrgyzstan,2159,4369,2.024
 Georgia,6177,12481,2.021
 Nicaragua,3434,6930,2.018
 Azerbaijan,10089,21152,2.01
 Cuba,5001,10045,2.009
 Argentina,12395,24789,2
 Indonesia,7259,14385,1.982
 Tajikistan,2233,4392,1.967
 Fiji,5604,10963,1.956
 Tonga,3769,7314,1.941
 Armenia,6358,12281,1.932
 Suriname,9132,17449,1.911
 Myanmar,3860,7355,1.905
 Mali,1345,2560,1.903
 Chile,15137,28809,1.903
 Panama,13229,25102,1.897
 Venezuela,7401,13976,1.888
 Japan,27209,51326,1.886
 Bolivia,4686,8737,1.864
 Senegal,1691,3101,1.834
 Malta,24255,44446,1.832
 Costa Rica,10419,18851,1.809
 Ecuador,7388,13307,1.801
 United Kingdom,28043,50485,1.8
 Peru,8446,15140,1.793
 Cape Verde,4295,7683,1.789
 Turkmenistan,11240,20083,1.787
 Gabon,11789,20825,1.766
 Uzbekistan,4687,8264,1.763
 Italy,25767,45326,1.759
 Uganda,1212,2109,1.75
 Brazil,10073,17566,1.744
 North Macedonia,9114,15897,1.744
 Ivory Coast,2529,4409,1.743
 Saint Vincent and the Grenadines,7643,13306,1.741
 Ukraine,6082,10513,1.729
 Hong Kong,43813,75577,1.725
 Djibouti,2491,4286,1.721
 Comoros,1027,1764,1.718
 Kazakhstan,16814,28815,1.714
 Estonia,21896,37043,1.692
 Paraguay,6212,10486,1.688
 Eswatini,5722,9641,1.685
 El Salvador,5226,8722,1.669
 Jamaica,5898,9812,1.664
 Israel,24620,40910,1.662
 Bhutan,6002,9889,1.648
 Czech Republic,23224,38206,1.645
 South Africa,9060,14894,1.644
 Ethiopia,1304,2136,1.638
 New Zealand,25872,42339,1.636
 Uruguay,15282,24905,1.63
 Slovakia,22600,36726,1.625
 Niger,691,1119,1.619
 Trinidad and Tobago,22008,35435,1.61
 Gambia,1168,1870,1.601
 Montenegro,12967,20692,1.596
 Malaysia,20004,31826,1.591
 Poland,20367,32343,1.588
 Hungary,19931,31413,1.576
 Honduras,3277,5159,1.574
 Solomon Islands,1450,2281,1.573
 Equatorial Guinea,14869,23258,1.564
 Burkina Faso,1289,2014,1.562
 Austria,35626,55591,1.56
 Spain,26954,41850,1.553
 Vanuatu,2340,3635,1.553
 Central African Republic,521,809,1.553
 Bulgaria,14777,22930,1.552
 Croatia,17507,27164,1.552
 Belgium,33260,51302,1.542
 Luxembourg,51154,78737,1.539
 Colombia,10271,15692,1.528
 Belize,5689,8655,1.521
 Russia,19510,29671,1.521
 Ireland,42771,64916,1.518
 China,12053,18295,1.518
 Greece,19658,29796,1.516
 Lesotho,2608,3940,1.511
 United States,43899,66208,1.508
 Romania,18217,27358,1.502
 Saint Lucia,9388,14101,1.502
 Canada,34928,52070,1.491
 Chad,1412,2088,1.479
 Netherlands,38767,57123,1.473
 Botswana,12613,18521,1.468
 Australia,35323,51857,1.468
 Germany,37689,54843,1.455
 Belarus,13479,19592,1.454
 Guinea-Bissau,1269,1843,1.452
 Serbia,10672,15474,1.45
 Ghana,3349,4849,1.448
 Albania,9702,14028,1.446
 Latvia,20822,29924,1.437
 France,32518,46218,1.421
 Bahamas,22156,31397,1.417
 Eritrea,1451,2048,1.411
 Cameroon,2751,3878,1.41
 Iceland,38004,53562,1.409
  Switzerland,47938,67490,1.408
 Portugal,23095,32013,1.386
 Mongolia,8482,11759,1.386
 Zambia,2986,4138,1.386
 Haiti,1400,1937,1.384
 Finland,34504,47691,1.382
 Brunei,63939,88204,1.38
 Denmark,40293,55624,1.38
 Singapore,69508,95809,1.378
 Malawi,897,1235,1.377
 Cyprus,26580,36543,1.375
 Barbados,13509,18384,1.361
 Zimbabwe,1431,1948,1.361
 Nigeria,4433,6008,1.355
 Lithuania,24366,32934,1.352
 Kenya,2529,3398,1.344
 Tanzania,2282,3037,1.331
 Republic of the Congo,4905,6483,1.322
 Madagascar,1173,1544,1.316
 Rwanda,1568,2064,1.316
 Liberia,577,755,1.308
 Cambodia,2970,3878,1.306
 Moldova,4849,6318,1.303
 Togo,1265,1643,1.299
 Benin,1795,2329,1.297
 Angola,5063,6546,1.293
 Guinea,1804,2328,1.29
 Sweden,41743,53777,1.288
 South Sudan,843,1083,1.285
 Slovenia,26898,34341,1.277
 Laos,5354,6789,1.268
 Sierra Leone,1096,1387,1.266
 Democratic Republic of the Congo,703,889,1.265
 Papua New Guinea,3002,3789,1.262
 Philippines,7582,10705,1.259
 Norway,60153,75731,1.259
 Thailand,13793,17327,1.256
   Nepal,2219,2738,1.234
 Vietnam,5345,6383,1.194
 Namibia,8895,9907,1.114
 Mozambique,1052,1135,1.079
 Burundi,807,594,0.736
